01453.com/,good
015fb31.netsolhost.com/bosstweed.html,good
02bee66.netsolhost.com/lincolnhomepage/,good
02ec0a3.netsolhost.com/getperson.php?personID=I4920&tree=ncshawfamily,good
032255.com/,good
05minute.com/,good
07090.blogspot.com/2011/07/westfield-police-officers-vote-no.html,good
08nrc.blogspot.com/,good
0creditcard.biz/,good
0dayreggaedancehall.blogspot.com/,good
0lo5ckgm.gozisanatuza.ru/?n=89425&amp;tid=47936,good
1-kansas.com/,good
1-newjersey.com/,good
1-ohio.com/,good
1-private-detective.tripod.com/oldlook.up.html,good
10000boomer.com/,good
10000daysatributetotool.bandzoogle.com/fr_home.cfm,good
10000daysinalaska.com/,good
1000mwlaserpointer.blogspot.com/,good
1001.yippie.biz/ca/cypress/,good
10012.kaluxo.remax-quebec.com/?A9FF0BCB-9683-41D6-955A-F1D9106257E4&lang=EN,good
1001afilmodyssey.blogspot.com/2010/04/wizard-of-oz-1939.html,good
1001laurel.com/,good
100777.com/node/373,good
100hot.com/hot100/ws/results/Web/92!FE5%20Montreal/1/302363/RightNav/Relevance/iq=true/zoom=off/qlnk=1/_iceUrlFlag=7?_IceUrl=true,good
100hot.com/hot100/ws/results/Web/Commission%20Scolaire%20Marguerite%20Bourgeois/1/302362/RightNav/Relevance/iq=true/zoom=off/qlnk=1/_iceUrlFlag=7?_IceUrl=true,good
100hot.com/hot100/ws/results/Web/Meteomedia%20Sherbrooke/1/0/0/Relevance/zoom=off/qi=1/qk=10/bepersistence=true/_iceUrlFlag=7?_IceUrl=true,good
100hot.com/hot100/ws/results/Web/Wes%20Scantlin/1/302363/RightNav/Relevance/iq=true/zoom=off/qlnk=1/_iceUrlFlag=7?_IceUrl=true,good
100kjobfinder.jobamatic.com/a/jobs/find-jobs/q-Kansas+City+Southern+Railway,good
100percentfrenchmadeincanada.blogspot.com/,good
100percentfrenchmadeincanada.blogspot.com/2005/02/first-entry.html,good
100percentfrenchmadeincanada.blogspot.com/2005_04_01_archive.html,good
100percentfrenchmadeincanada.blogspot.com/2006/12/4-updatenames.html,good
100percentfrenchmadeincanada.blogspot.com/2006_12_01_archive.html,good
100percentgay.blogspot.com/2010/09/aj-and-gerin-raw-at-chaosmen.html,good
100percentgay.blogspot.com/2011/01/alexandro-creampies-gerin-at-chaosmen.html,good
100percentgay.net/?s=eric+pryor,good
100percentgay.net/?s=kevin+warhol,good
100percentgay.net/?s=marcus+mojo,good
100percentgay.net/?s=trevor+yates,good
100scopenotes.com/2010/02/23/review-meanwhile-by-jason-shiga/,good
100tetesrecords.blogspot.com/,good
101olympians.blogspot.com/,good
101olympians.blogspot.com/2008/07/bob-beamon-event-destroyer.html,good
103kkcn.com/,good
1041.yippie.biz/ca/los_angeles/,good
104311.foodpages.ca/,good
1043now.com/,good
1043nowfm.com/,good
10704.kaluxo.remax-quebec.com/?00569118-5AAE-48AA-BF94-ADF2D084F50B&lang=EN,good
1077.yippie.biz/sc/chesnee/,good
10dollarleads.com/,good
10electronica.blogspot.com/,good
10kbullets.com/reviews/b/berdella/,good
10kbullets.com/reviews/b/brotherhood-of-the-wolf/,good
10kdays.com/,good
10kswim.blogspot.com/,good
10paisa.com/,good
10questions.time.com/2010/03/11/ask-robert-groves/,good
10starmovies.com/Watch-Movies-Online/Agnes_Browne_1999/,good
10starmovies.com/Watch-Movies-Online/Gojira_Fainaru_Uzu_2004/,good
10starmovies.com/Watch-Movies-Online/Inside_Im_Dancing_2004/,good
10starmovies.com/Watch-Movies-Online/Jackie_Bouvier_Kennedy_Onassis_2000/,good
10starmovies.com/Watch-Movies-Online/One_Night_At_McCools_2001/,good
10starmovies.com/Watch-Movies-Online/Stark_Raving_Black_2009/,good
10starmovies.com/Watch-Movies-Online/The_Boat_That_Rocked_2009/,good
10starmovies.com/Watch-Movies-Online/The_Circle_2002/,good
10starmovies.com/Watch-Movies-Online/The_Kid_Stays_In_The_Picture_2002/,good
10starmovies.com/profiles/Aleksey_Kravchenko_315203/,good
10starmovies.com/profiles/Dawn_Olivieri_8123/,good
10starmovies.com/profiles/Holmes_Osborne_165471/,good
10starmovies.com/profiles/James_Remar_6363/,good
10starmovies.com/profiles/James_Stewart_48391/,good
10starmovies.com/profiles/Jean-claude_Van_Damme_74489/,good
10starmovies.com/profiles/Marla_Pennington_36936/,good
10starmovies.com/profiles/Patrick_Mctavish_82393/,good
10starmovies.com/profiles/Peter_Benson_98030/,good
10starmovies.com/profiles/Rodney_Eastman_154038/,good
10starmovies.com/profiles/Sean_Mcnamara_34456/,good
10starmovies.com/profiles/Seychelle_Gabriel_130060/,good
112fm.com/,good
1146miles.com/music/code-pie-baby-justin-bieber-cover/,good
1149benson.info/,good
1149quakerchurch.2cmyhome.com/,good
1169.yippie.biz/ca/los_angeles/,good
11d.typepad.com/blog/2006/03/rich_parent_poo.html,good
1200lakeshore.com/,good
123-max.com/,good
123bomb.com/watch-xieJZJqzr_k/sexo-amor-bellakera-no-es-lo-mismo.html,good
123indigo-casinos.blogspot.com/,good
123klan.bigcartel.com/,good
123movies.info/movie/%c3%83%c5%93%c3%83%c2%a7_yaman_bakire_(1975)_1581424,good
123movies.info/movie/%c3%96yle_bir_kadin_ki_(1979)_1581191,good
123movies.info/movie/4_Clowns_(1970)_936067,good
123movies.info/movie/La_donna_della_mia_vita_(2010)_1227572,good
123movies.info/movie/La_petite_Aurore_lenfant_martyre_(1952)_1232456,good
123movies.info/movie/Les_exploits_dun_jeune_Don_Juan_(1987)_1249457,good
123movies.info/movie/Nine_Deaths_of_the_Ninja_(1985)_1312835,good
123movies.info/movie/Senza_pelle_(1994)_1398665,good
123movies.info/movie/Terror_Among_Us_(1981)_(TV)_1446293,good
123movies.info/movie/The_Cavemans_Valentine_(2001)_1457621,good
123movies.info/movie/The_Kid_Stays_in_the_Picture_(2002)_1477355,good
123movies.info/movie/Zad_kadar_(2010)_1574729,good
123movies.info/pictures/Sigmund_and_the_Sea_Monsters,good
123pornvideos.org/aoi/,good
123relocation.com/Maine/,good
123tamilgallery.com/kangna-ranaut/,good
124.105.24.19/,good
125.douglas.qc.ca/en/destigmatiser-sante-mentale.php,good
125.douglas.qc.ca/en/historique-informatique.php?section=service,good
12602id3.planetsourcefun.com/like/12602/?ref=r,good
12gfl.blogspot.com/2008/12/2005-ion-dissonance-solace.html,good
12oclocknews.com/,good
12or20questions.blogspot.com/2007/09/12-or-20-questions-with-joshua-marie.html,good
12starz.com/,good
1304.yippie.biz/mo/kansas_city/,good
1333.yippie.biz/ca/los_angeles/,good
1337x.org/torrent/128945/Americano-Rosso-DDTrip-DivX-DAlatri-Bentivoglio-Young-Ferilli-Ghini-TNT-Village/,good
1337x.org/torrent/151097/E-Allora-Mambo-DivX-Ita-Mp3-MIRCrew-TNT-Village/,good
1337x.org/torrent/191829/Card-Captor-Sakura-OST-1-4-Movie-1-2-OST-Lossy-Mp3-128-320kbps-Tntvillage/,good
1337x.org/torrent/239713/Viola-bacia-tutti-Asia-Argento-1998-Ita-sub-Eng-Rus-Thai/,good
1337x.org/torrent/246270/Pinetop-Perkins-The-Complete-Hightone-Sessions-blues-mp3-320-rogercc-h33t/,good
1337x.org/torrent/70342/0/,good
13693.tuksookey.com/,good
1383870.golden-harvest.stone.cc/,good
13ghosts.warnerbros.com/,good
13tura-an.blogspot.com/,good
14072006.blogspot.com/,good
14082.foodpages.ca/,good
14087.foodpages.ca/,good
14089.foodpages.ca/,good
141.2.66.26/en/,good
1470wnyy.com/pages/6210870,good
1483.yippie.biz/mo/kansas_city/,good
14for77.blogspot.com/2011/03/2011-kansas-city-royals-prediction.html,good
14thstreetbridge.wordpress.com/,good
150ninjas.org/,good
1530wjjg.com/,good
1530wjjg.com/about/,good
15jmelvin.glogster.com/,good
15love.gotop100.com/,good
15malaysia.com/films/,good
1630kcjj.com/CAPTAIN-STEVE-AND-TOMMY-LANG-MORNING-SHOW/883630,good
1635.yippie.biz/mo/kansas_city/,good
1675.yippie.biz/mi/lowell/,good
16dli.awardspace.com/page2.html,good
16pads.com/,good
17.taylor.edu/athletics/mbasketball/coach.shtml,good
173.193.93.251/our_people/margaret-a-swimmer,good
1730turkeyoakdrive.com/,good
17437.kaluxo.remax-quebec.com/,good
17441.kaluxo.remax-quebec.com/?42D72F47-640A-4714-A28B-B085C098FAE3&lang=EN,good
17682.kaluxo.remax-quebec.com/,good
17796.kaluxo.remax-quebec.com/?B6693D7A-5046-47B8-A4E5-43DE6037B72D&lang=EN,good
17995.kaluxo.remax-quebec.com/?BDBEA32A-A623-4F04-B336-982DA25EE657&lang=EN,good
17hmr.net/index.php?topic=6680.0,good
17hmr.net/index.php?topic=7296.0,good
1800partsnet.usedmontreal.com/,good
1879zuluwar.talk-forums.com/t2859-capt-george-marshall,good
1879zuluwar.talk-forums.com/t606-1240-pte-william-wilson-allen,good
18daystolyt.com/,good
18gay.net/porn/gay/films/,good
18thccuisine.blogspot.com/,good
1900-1985.com/,good
1911-singer.com/,good
1914-1918.invisionzone.com/forums/index.php?act=idx,good
1914-1918.invisionzone.com/forums/index.php?showtopic=116631,good
1914-1918.invisionzone.com/forums/index.php?showtopic=152717,good
1914-1918.invisionzone.com/forums/index.php?showtopic=33592,good
1918film.com/,good
192.156.19.109/,good
1928.info/,good
1930schoonermistress.blogspot.com/,good
1936pontiac.blogspot.com/,good
1940.airminded.org/category/compton-mackenzie/,good
1947entertainment.com/,good
1947entertainment.com/content/development,good
1950s-science-fiction-films.cheapgooddeal.com/,good
1952toppsbaseballcards.com/Checklist.2.htm,good
1954toppsset.com/,good
1957-chevrolet-alternator-conversion.com/wiring.html,good
1957.usnaclasses.com/,good
1960oldsmobiledynamic88.blogspot.com/,good
1960sbaseball.com/1960sBaseball_HOF_Pinson.html,good
1964topps.wordpress.com/2009/11/29/80-vada-pinson/,good
1964topps.wordpress.com/2010/07/31/389-jim-umbricht/,good
1964topps.wordpress.com/2010/08/07/452-giants-rookie-stars-gil-garridojim-ray-hart/,good
1964topps.wordpress.com/2010/08/22/167-senators-rookies-mike-brumleylou-piniella/,good
1965topps.blogspot.com/2008/09/14-len-gabrielson.html,good
1965topps.blogspot.com/2008/09/65-tony-kubek.html,good
1965topps.blogspot.com/2008/11/423-jesse-gonder.html,good
1965topps.blogspot.com/2008/12/355-vada-pinson.html,good
1965topps.blogspot.com/2008_09_01_archive.html,good
1965topps.blogspot.com/2011/02/269-frank-bolling.html,good
1965topps.blogspot.com/2011/05/260-don-drysdale.html,good
1966.spuhs-reunion.org/60.html,good
1966topps.blogspot.com/,good
1966topps.blogspot.com/2010/02/final-card-don-landrum.html,good
1967fbcards.blogspot.com/,good
1967fbcards.blogspot.com/2010/03/green-bay-packers.html,good
1967fbcards.blogspot.com/2010/04/los-angeles-rams.html,good
1967topps.blogspot.com/,good
1967topps.blogspot.com/2010/01/dennis-ribant-527.html,good
1967topps.blogspot.com/2010/01/final-card-andre-rodgers.html,good
1967topps.blogspot.com/2010/02/final-card-doug-clemens.html,good
1967topps.blogspot.com/2010/03/final-card-bob-duliba.html,good
1967topps.blogspot.com/2010/06/final-card-john-werhas.html,good
1967topps.blogspot.com/2010_03_01_archive.html,good
1968fbcards.blogspot.com/2010/06/san-diego-chargers.html,good
1968topps.blogspot.com/,good
1968topps.blogspot.com/2009/10/tigers-rookies-george-korincefred.html,good
1968topps.blogspot.com/2010/03/bob-rodgers-433.html,good
1968toppsset.com/,good
1970samericancinemaatuwm.blogspot.com/,good
1970topps.blogspot.com/,good
1971fbcards.blogspot.com/2010/01/san-diego-chargers.html,good
1972topps.blogspot.com/2009/03/77-ron-theobald.html,good
1972topps.blogspot.com/2010/01/133-joe-keough.html,good
1973topps.blogspot.com/,good
1973toppsphotography.blogspot.com/2011/11/les-expos.html,good
1973toppsphotography.blogspot.com/p/set-checklist.html,good
1973whsreunion.blogspot.com/2009/08/bruce-reed-butch-reed-hacksaw-reed.html,good
1974topps-pennantfever.blogspot.com/,good
1974topps.blogspot.com/,good
198.164.154.3/~Heritage/RCN/SJ_Built_Frigates.htm,good
198081.timbersfanpage.com/,good
1980toppsbaseball.blogspot.com/,good
1980toppsbaseball.blogspot.com/2009/08/132-biff-pocoroba.html,good
1980toppsbaseball.blogspot.com/2009/12/210-steve-carlton.html,good
1980toppsbaseball.blogspot.com/2010/06/293-elias-sosa.html,good
1980toppsbaseball.blogspot.com/2010/06/312-mike-barlow.html,good
1986bishopready.blogspot.com/,good
1986dragons.com/,good
1987topps.blogspot.com/2009/03/40-dave-righetti.html,good
1988engine.com/,good
1988transmission.com/,good
199.115.25.156/aqueduct/Stakes/HollieHughes.shtml,good
199.237.254.34/index.html,good
1991dragons.com/,good
1atexasfootball5178.yuku.com/topic/7042/Seymour-Panthers-VS-3-Albany-Loins,good
1cdgaeea.fortunecity.com/index9.html,good
1crittenden.com/,good
1crowncenter.com/,good
1greengeneration.elementsintime.com/?p=284,good
1heckofaguy.com/category/leonard-cohen/,good
1linereview.blogspot.com/2010/03/man-from-london-2007.html,good
1m1f.com/Reticuli/,good
1m1f.com/bilodeau/,good
1morefilmblog.com/wordpress/johnny-guitar-ray-1954/,good
1pacquiaovsmosleylivestream.glogster.com/,good
1st-beginners-golf-swing-tips.com/,good
1st-tvseries.blogspot.com/,good
1stcolumbusguide.com/,good
1stnewyorkmccrackensco.org/F__I_War_Impression.html,good
1stpearllimo.com/,good
1tiger-shark.com/caliph-ursula-maciejewski/,good
1up.al/,good
1uparcade.rmfx.com/,good
1upbooks.com/,good
1upclan.info/,good
1uplawnservices.com/,good
1upmedia.com/,good
1uprc.com/,good
1uptest.info/,good
1upwebdevelopment.com/,good
1withabullet.wordpress.com/2009/07/08/rest-in-peace-joe-bowman/,good
2000riverside.com/,good
2002.timbersfanpage.com/,good
20050-wwsr.info/,good
2006.timbersfanpage.com/,good
2006nhlmockdraft.blogspot.com/,good
2007.escapegreat.com/convention/delegates/,good
2007.timbersfanpage.com/,good
2008.heavymtl.com/en/home,good
2008.heavymtl.com/fr/lineup,good
2008grammyawards.blogspot.com/,good
2008records.com/by.names.html,good
2009.aclfestival.com/,good
2009bulletin.loyno.edu/law/faculty/index.php,good
2009cyct.blogspot.com/,good
2009grammywinners.com/,good
2009jrcanadians.langleybaseball.ca/,good
200columbus.com/,good
2010-tennis-live.blogspot.com/,good
2010.aclfestival.com/band/beats-antique,good
2010.aclfestival.com/band/broken-bells,good
2010.aclfestival.com/band/cage-the-elephant,good
2010.census.gov/2010census/,good
2010.festivalinternational.com/band/les-breastfeeders-2,good
2010.lafilmfest.com/,good
2010.lollapalooza.com/band/rogue-wave,good
2010.rocktherepublic.com/musician/we-were-wolves/,good
2010.seebbe.com/active/en/home/gornji_meni/za_izlagace/spisak_izlagaca_abc_2010_v01.html,good
2010.sparkslse.com/speakers.php,good
2010.wifilmfest.org/,good
2010amovieaday.wordpress.com/2010/03/02/the-pink-panther-2/,good
2010eqconf.org/,good
2010fr.heavymtl.com/,good
2010fr.osheaga.com/,good
2010games.nytimes.com/athletes/joannie-rochette-can.html,good
2010games.nytimes.com/athletes/martin-brodeur-can.html,good
2010games.nytimes.com/events/freestyle-skiing/womens-moguls/results.html,good
2011.acmun.org.pk/,good
2011.arisia.org/Bios2011,good
2011.caata.net/conference/,good
2011.csmgraphicdesign.com/profile.php,good
2011.kolkatautsav.com/,good
2011.mx1-steveramon.be/?lang=en,good
2011.noisepop.com/,good
2011.riverrunfilm.com/2011/films,good
2011.scotdancenovascotia.com/,good
2011.scotdancenovascotia.com/?page_id=343,good
2011.tiff-jp.net/en/lineup/works.php?id=22,good
2011.universalsports.com/photos/galleryid=542444.html,good
2011bernardborgjason.blogspot.com/,good
2011canadiangymnasticschampionships.wordpress.com/,good
2011reggae.com/,good
2012.democratic-convention.org/History.php,good
2012.moragatri.com/,good
2012tampa.com/faq/,good
2012world-ends.com/,good
2020psh.org/,good
205.237.250.153/SITES/003-09-geriatrics/index.asp?C=1&DB=024_003-09-geriatrics&M=1&L=E,good
208.112.56.188/merchant2/merchant.mvc?Screen=CTGY&Store_Code=BC&Category_Code=CP,good
20832.com/?lang=eng,good
20gay.com/listed.htm,good
20poundsofheadlines.wordpress.com/2011/05/03/sly-james-takes-cleavers-communication-director-fills-out-staff/,good
20poundsofheadlines.wordpress.com/2011/11/07/kc-mayor-sly-james-bittersweet-reaction-to-mizzou/,good
20poundsofheadlines.wordpress.com/2011/11/19/maybe-be-best-kinder-line-of-fruday-night-from-house-budget-chair-ryan-silvey/,good
20secondtimeout.blogspot.com/2007/04/2006-2007-nba-playoff-preview.html,good
20somethinglibrarian.wordpress.com/2011/09/19/montreal-comiccon/,good
211blog.drawnandquarterly.com/,good
211blog.drawnandquarterly.com/2011_07_01_archive.html,good
216.92.161.171/vb/printthread.php?t=8432&pp=40,good
216.92.161.171/vb/printthread.php?t=8432&pp=40&page=2,good
21gms.com/,good
21st-century-breakdown.com/,good
21stbattalion.ca/graves_t-z.html,good
21stcenturyaffiliatemarketing.com/2008/08/31/ken-evoy-releases-updated-2008-edition-of-the-affiliate-masters-course/,good
21stcenturybreakdown.org/,good
21stcenturybreakdownlyricsgreenday.blogspot.com/,good
21stcenturybreakdownlyricsgreenday.blogspot.com/2009/02/21st-century-breakdown-song-lyrics-by.html,good
21stcenturybreakdownlyricsgreenday.blogspot.com/2009/03/viva-la-gloria-lyrics-green-day.html,good
21stcenturyurbansolutions.wordpress.com/tag/capitol-corridor/,good
2215manzanitadrive.com/,good
2255films.blogspot.com/,good
227-youtube-chili-chicago-bulls-nba.blogspot.com/,good
227-youtube-chili-nbc-tv-nba-news.blogspot.com/,good
227s-youtube-chili-duke-blue-devils.hoops227.biz/?p=29,good
227s-youtube-chili-duke-blue-devils.hoops227.biz/?p=30,good
22930.foodpages.ca/,good
2310.digitalsports.com/,good
234next.com/csp/cms/sites/Next/Home/5745279-146/afdb_sets_out_bullish_vision_for.csp,good
23rdstorey.blogspot.com/,good
23rdstorey.com/,good
24.wikia.com/wiki/David_Emerson,good
24.wikia.com/wiki/Michael_Massee,good
24.wikia.com/wiki/Milo_Pressman,good
247magazine.co.uk/2010/10/25/police-in-keynsham-hunt-mr-t-lookalike-in-connection-with-road-rage-attack/,good
247sports.com/Player/Joe-Manley-8182,good
247sports.com/Player/Keith-Byars-II-8543,good
247sports.com/Player/Marcus-Foster-10963,good
24tango.blogspot.com/,good
24timezones.com/,good
24timezones.com/world_directory/fort-de-france_local_time.php,good
24tvseriesepisodes.com/,good
2522.digitalsports.com/,good
25south.wordpress.com/2011/10/29/15-january-2005-%e2%80%93-bidvest-wits-stadium-johannesburg-south-africa/,good
26th.theabcsofdeath.com/t-is-for-taste,good
280macarthurlane.com/,good
28dayslater.wikia.com/wiki/Brendan_Gleeson,good
2across.com/,good
2bcca.totoblog.net/g20947.html,good
2bheal.com/,good
2boredtofeelfree.blogspot.com/,good
2dhouse.com/index.php,good
2gta.com/,good
2illuminate.blogspot.com/2010/04/carew-castlecar-boot-sale.html,good
2leep.com/srch/g/a/s/gas+station+fail.html,good
2milechallenge.com/pages/about,good
2mopaul.com/GoneClaudeDelisle.htm,good
2ndannualnewbernfurball.blogspot.com/,good
2ndcoloradocavalry.com/history.html,good
2ndwinterlimnology.igb-berlin.de/,good
2neatmagazines.com/life/1951.html,good
2onlinetv.com/tv/stream.php?id=1217,good
2onlinetv.com/tv/stream.php?id=1228,good
2onlinetv.com/tv/stream.php?id=892,good
2ormoreresources.blogspot.com/,good
2pacogz.blogspot.com/,good
2persontentreviews.com/,good
2photographersandadog.com/ourminds/,good
2rcha.net/,good
2stepsfromdeath.com/,good
2uibestow.blogspot.com/2011/05/album-review-fred-leaving-my-empire.html,good
3040collegestatuslist.blogspot.com/,good
3107shelterbay.com/,good
31hours.com/live-streaming-puerto-rico-islanders-vs-saint-lucia-tv-watch/,good
31hours.com/live-streaming-shimizu-s-pulse-urawa-red-diamonds-tv-watch-17-09-2011/,good
31hours.com/los-angeles-galaxy-vancouver-whitecaps-live-stream-17-september-2011/,good
31hours.com/streaming-live-fc-dallas-vs-new-york-red-bulls-17-09-2011/,good
31hours.com/watch-dallas-stars-vs-montreal-canadiens-livestream-20-09-2011/,good
31hours.com/watch-kansas-city-royals-minnesota-twins-live-streaming-28-09-2011/,good
31hours.com/watch-sporting-kansas-city-vs-new-york-red-bulls-livestream-15-october-2011/,good
32atozcars.blogspot.com/,good
32brownct.com/,good
33-montreal.com/history-of-montreal.asp,good
342963.likedop.info/?ref=main,good
350.royalsociety.org/,good
35thregistry.com/,good
360boating.com/company.cfm?id=19429,good
360boating.com/statelist.cfm?state=BC,good
360darch.com/,good
360winnett.com/,good
365cincinnati.com/free/union-terminal-rotunda-tour,good
365ponyup.blogspot.com/,good
365rosaries.blogspot.com/2010/08/august-31-saint-raymond-nonnatus.html,good
3907.cupe.ca/wp/,good
3953303.ammas.com/redirect.cfm,good
399bellevue.com/,good
39clues.wikia.com/wiki/Gordon_Korman,good
3actors.com/,good
3alitydigital.wordpress.com/,good
3alitytechnica.com/,good
3barnone.tripod.com/id34.htm,good
3barnone.tripod.com/welcome.htm,good
3blmedia.com/theCSRfeed/Canadian-Business-Global-Citizen-Interview-Jean-Francois-Gascon-Vice-President-Capacity-B,good
3blmedia.com/theCSRfeed/Electrical-Public-Safety-American-Electric-Power-Anatomy-Distribution-System,good
3blmedia.com/theCSRfeed/Fair-Trade-USA-Names-Green-Mountain-Coffee-Roasters-Inc-World%E2%80%99s-Largest-Purchaser-Fair-Tr,good
3blmedia.com/theCSRfeed/Molson-Canadian-Red-Leaf-Project-Celebrates-Grey-Cup-Vancouver,good
3blmedia.com/theCSRfeed/ReportAlertinfo-Soci%C3%A9t%C3%A9-de-transport-de-Montr%C3%A9al-publishes-Sustainable-Development-Report,good
3blmedia.com/theCSRfeed/World-Bank-and-Fair-Trade-USA-Provide-Training-Colombian-Coffee-Producers-Price-Risk-Mana,good
3boom.net/kanyar/fraktal.htm,good
3chicspolitico.com/president-obamas-accomplishments/,good
3cincom.com/,good
3dcgi.net/,good
3dconsultingllc.com/,good
3dguy.tv/tag/narnia-3d/,good
3dir.co.uk/directory/category/sports/index.php,good
3dparks.wr.usgs.gov/coloradoplateau/lexicon/greenriver_laney.htm,good
3jack.blogspot.com/2009/04/champagne-tony-lema.html,good
3kproperties.com/,good
3ldfilms.com/,good
3stepusa.com/,good
3totango.warnerbros.com/,good
3xupdate.com/tag/henri-pachard/,good
3xupdate.com/tag/juliet-anderson/,good
3xupdate.com/tag/mai-lin/,good
40553594.ammas.com/redirect.cfm,good
405la.com/,good
405th.com/,good
410film.com/,good
411free411.com/nj/monmouth-county.html,good
411webconnect.com/listing/alllocations.php,good
415mediagroup.com/,good
415world.com/,good
415worldinfo.com/,good
419.bittenus.com/11/4/BelhassenTrabelsi.html,good
4261detroit.com/,good
4275louispayette.com/,good
42monticelloavenue.com/,good
42ndrhr.org/,good
42ndstmoon.org/and-all-jazz-john-kander-salon-evening,good
43kix.com/wap/castcrew.php?film=68206,good
440int.com/sfran.html,good
44309streetartgallery.net/,good
44thandgoal.blogspot.com/,good
45-degrees.blogspot.com/2011/11/autumn-2011-on-dachstein-photo-update.html,good
4508c35cb.blogspot.com/,good
4508c35cb.blogspot.com/2009_01_01_archive.html,good
465dominionunit409.com/,good
46eqez.blogspot.com/2011/05/charlene-tilton-now.html,good
48433.digitalsports.com/2008/05/12/updates-for-miaa-baseball-championships-tournaments/,good
48thpennsylvania.blogspot.com/2007_05_01_archive.html,good
49ersnews.com/2011/01/greg-roman-named-offensive-coordinator/,good
49thvirginiainfantry.com/,good
4americanfootball.blogspot.com/2008/10/list-of-american-football-teams-in.html,good
4bars.com.au/web/2011/08/23/classic-cocktails-the-bobby-burns/,good
4chanarchive.org/brchive/dspl_thread.php5?thread_id=1365059&amp;x=Post-Rock+share+thread,good
4closurefraud.org/2011/09/02/reminder-in-2010-iowa-ag-miller-was-major-recipient-of-vew-out-of-state-bank-finance-money/,good
4creditunion.com/,good
4gmobile.com/,good
4h.wsu.edu/volunteertraining/,good
4hcasscounty.org/,good
4hourpeople.com/,good
4lakids.blogspot.com/2006_03_01_archive.html,good
4megaupload.com/5x10-arashi-pv.html,good
4megaupload.com/808s-heartbreak.html,good
4megaupload.com/ageless-desire-juliet-anderson.html,good
4megaupload.com/alessandro-siani-tutti-bravi-megavideo.html,good
4megaupload.com/all-the-best-1999-2009-torrent.html,good
4megaupload.com/all-the-best-1999-2009-zip.html,good
4megaupload.com/amanda-majestic.html,good
4megaupload.com/arashi-beautiful-world-album.html,good
4megaupload.com/arashi-single-collection-1999-2001.html,good
4megaupload.com/arcangel.html,good
4megaupload.com/ariel-rebel.html,good
4megaupload.com/biutiful-pt.html,good
4megaupload.com/biutiful.html,good
4megaupload.com/brazzers-com.html,good
